{
  "credit_score": 0.09715407262021591,
  "foir": 0.07163886162904812,
  "dpd30plus": 0.05593719332679098,
  "enquiry_count": 0.058881256133464184,
  "age": 0.029440628066732092,
  "monthly_income": 0.029440628066732092,
  "credit_vintage_months": 0.040235525024533855,
  "loan_mix_type": 0.058586849852796864,
  "loan_completion_ratio": 0.03925417075564279,
  "defaulted_loans": 0.05848871442590776,
  "job_type": 0.04965652600588813,
  "employment_tenure_months": 0.04965652600588813,
  "company_stability": 0.047693817468106,
  "bank_account_vintage_months": 0.03670264965652601,
  "avg_monthly_balance": 0.03454367026496566,
  "bounce_frequency_per_year": 0.026889106967615314,
  "unsecured_loan_amount": 0.032777232580961733,
  "outstanding_amount_percent": 0.041315014720314035,
  "our_lender_exposure": 0.04327772325809618,
  "channel_type": 0.025024533856722278,
  "geographic_location_risk": 0.03385672227674191,
  "mobile_vintage_months": 0.019921491658488714,
  "RM": 0.019627085377821395
}